country_or_region,currency,display_price
United States,USD,$0.00
Afghanistan,USD,$0.00
Albania,USD,$0.00
Algeria,USD,$0.00
Angola,USD,$0.00
Anguilla,USD,$0.00
Antigua and Barbuda,USD,$0.00
Argentina,USD,$0.00
Armenia,USD,$0.00
Australia,AUD,$0.00
Austria,EUR,€0.00
Azerbaijan,USD,$0.00
Bahamas,USD,$0.00
Bahrain,USD,$0.00
Barbados,USD,$0.00
Belarus,USD,$0.00
Belgium,EUR,€0.00
Belize,USD,$0.00
Benin,USD,$0.00
Bermuda,USD,$0.00
Bhutan,USD,$0.00
Bolivia,USD,$0.00
Bosnia and Herzegovina,EUR,€0.00
Botswana,USD,$0.00
Brazil,BRL,R$0.00
British Virgin Islands,USD,$0.00
Brunei,USD,$0.00
Bulgaria,EUR,€0.00
Burkina Faso,USD,$0.00
Cambodia,USD,$0.00
Cameroon,USD,$0.00
Canada,CAD,$0.00
Cape Verde,USD,$0.00
Cayman Islands,USD,$0.00
Chad,USD,$0.00
Chile,CLP,$0.00
China mainland,CNY,¥0.00
Colombia,COP,$0.00
"Congo, Democratic Republic of the",USD,$0.00
"Congo, Republic of the",USD,$0.00
Costa Rica,USD,$0.00
Côte d’Ivoire,USD,$0.00
Croatia,EUR,€0.00
Cyprus,EUR,€0.00
Czech Republic,CZK,Kč 0.00
Denmark,DKK,kr 0.00
Dominica,USD,$0.00
Dominican Republic,USD,$0.00
Ecuador,USD,$0.00
Egypt,EGP,E£0.00
El Salvador,USD,$0.00
Estonia,EUR,€0.00
Eswatini,USD,$0.00
Fiji,USD,$0.00
Finland,EUR,€0.00
France,EUR,€0.00
Gabon,USD,$0.00
Gambia,USD,$0.00
Georgia,USD,$0.00
Germany,EUR,€0.00
Ghana,USD,$0.00
Greece,EUR,€0.00
Grenada,USD,$0.00
Guatemala,USD,$0.00
Guinea-Bissau,USD,$0.00
Guyana,USD,$0.00
Honduras,USD,$0.00
Hong Kong,HKD,$0.00
Hungary,HUF,Ft 0.00
Iceland,USD,$0.00
India,INR,₹0.00
Indonesia,IDR,Rp 0.00
Iraq,USD,$0.00
Ireland,EUR,€0.00
Israel,ILS,₪0.00
Italy,EUR,€0.00
Jamaica,USD,$0.00
Japan,JPY,¥0.00
Jordan,USD,$0.00
Kazakhstan,KZT,₸0.00
Kenya,USD,$0.00
"Korea, Republic of",KRW,₩0.00
Kosovo,EUR,€0.00
Kuwait,USD,$0.00
Kyrgyzstan,USD,$0.00
Laos,USD,$0.00
Latvia,EUR,€0.00
Lebanon,USD,$0.00
Liberia,USD,$0.00
Libya,USD,$0.00
Lithuania,EUR,€0.00
Luxembourg,EUR,€0.00
Macau,USD,$0.00
Madagascar,USD,$0.00
Malawi,USD,$0.00
Malaysia,MYR,RM 0.00
Maldives,USD,$0.00
Mali,USD,$0.00
Malta,EUR,€0.00
Mauritania,USD,$0.00
Mauritius,USD,$0.00
Mexico,MXN,$0.00
Micronesia,USD,$0.00
Moldova,USD,$0.00
Mongolia,USD,$0.00
Montenegro,EUR,€0.00
Montserrat,USD,$0.00
Morocco,USD,$0.00
Mozambique,USD,$0.00
Myanmar,USD,$0.00
Namibia,USD,$0.00
Nauru,USD,$0.00
Nepal,USD,$0.00
Netherlands,EUR,€0.00
New Zealand,NZD,$0.00
Nicaragua,USD,$0.00
Niger,USD,$0.00
Nigeria,NGN,₦0.00
North Macedonia,USD,$0.00
Norway,NOK,kr 0.00
Oman,USD,$0.00
Pakistan,PKR,Rs 0.00
Palau,USD,$0.00
Panama,USD,$0.00
Papua New Guinea,USD,$0.00
Paraguay,USD,$0.00
Peru,PEN,PEN 0.00
Philippines,PHP,₱0.00
Poland,PLN,zł 0.00
Portugal,EUR,€0.00
Qatar,QAR,QAR 0.00
Romania,RON,lei 0.00
Russia,RUB,₽0.00
Rwanda,USD,$0.00
São Tomé and Príncipe,USD,$0.00
Saudi Arabia,SAR,SAR 0.00
Senegal,USD,$0.00
Serbia,EUR,€0.00
Seychelles,USD,$0.00
Sierra Leone,USD,$0.00
Singapore,SGD,$0.00
Slovakia,EUR,€0.00
Slovenia,EUR,€0.00
Solomon Islands,USD,$0.00
South Africa,ZAR,R 0.00
Spain,EUR,€0.00
Sri Lanka,USD,$0.00
St. Kitts and Nevis,USD,$0.00
St. Lucia,USD,$0.00
St. Vincent and the Grenadines,USD,$0.00
Suriname,USD,$0.00
Sweden,SEK,kr 0.00
Switzerland,CHF,CHF 0.00
Taiwan,TWD,$0.00
Tajikistan,USD,$0.00
Tanzania,TZS,TZS 0.00
Thailand,THB,฿0.00
Tonga,USD,$0.00
Trinidad and Tobago,USD,$0.00
Tunisia,USD,$0.00
Türkiye,TRY,₺0.00
Turkmenistan,USD,$0.00
Turks and Caicos Islands,USD,$0.00
Uganda,USD,$0.00
Ukraine,USD,$0.00
United Arab Emirates,AED,AED 0.00
United Kingdom,GBP,£0.00
Uruguay,USD,$0.00
Uzbekistan,USD,$0.00
Vanuatu,USD,$0.00
Venezuela,USD,$0.00
Vietnam,VND,₫0.00
Yemen,USD,$0.00
Zambia,USD,$0.00
Zimbabwe,USD,$0.00
